-- phpMyAdmin SQL Dump
-- version 5.2.1
-- https://www.phpmyadmin.net/
--
-- Εξυπηρετητής: localhost
-- Χρόνος δημιουργίας: 09 Ιουν 2025 στις 14:47:03
-- Έκδοση διακομιστή: 10.4.28-MariaDB
-- Έκδοση PHP: 8.2.4

SET SQL_MODE = "NO_AUTO_VALUE_ON_ZERO";
START TRANSACTION;
SET time_zone = "+00:00";


/*!40101 SET @OLD_CHARACTER_SET_CLIENT=@@CHARACTER_SET_CLIENT */;
/*!40101 SET @OLD_CHARACTER_SET_RESULTS=@@CHARACTER_SET_RESULTS */;
/*!40101 SET @OLD_COLLATION_CONNECTION=@@COLLATION_CONNECTION */;
/*!40101 SET NAMES utf8mb4 */;

--
-- Βάση δεδομένων: `ChefWeb`
--

-- --------------------------------------------------------

--
-- Δομή πίνακα για τον πίνακα `comments`
--

CREATE TABLE `comments` (
  `id` int(11) NOT NULL,
  `user_id` int(11) NOT NULL,
  `recipe_id` int(11) NOT NULL,
  `comment` text NOT NULL,
  `created_at` datetime DEFAULT current_timestamp()
) ENGINE=InnoDB DEFAULT CHARSET=utf8mb4 COLLATE=utf8mb4_general_ci;

--
-- Άδειασμα δεδομένων του πίνακα `comments`
--

INSERT INTO `comments` (`id`, `user_id`, `recipe_id`, `comment`, `created_at`) VALUES
(1, 4, 1, 'Πεντανόστιμο!', '2025-05-12 20:07:29'),
(2, 3, 1, 'Ισχύει!!!', '2025-05-12 20:10:05'),
(3, 1, 12, 'Οτι καλύτερο έχω φάει!! Θα το ζήλευε και ο Μιγιάγκι..!!', '2025-06-02 17:47:21');

-- --------------------------------------------------------

--
-- Δομή πίνακα για τον πίνακα `favorites`
--

CREATE TABLE `favorites` (
  `id` int(11) NOT NULL,
  `user_id` int(11) NOT NULL,
  `recipe_id` int(11) NOT NULL
) ENGINE=InnoDB DEFAULT CHARSET=utf8mb4 COLLATE=utf8mb4_general_ci;

--
-- Άδειασμα δεδομένων του πίνακα `favorites`
--

INSERT INTO `favorites` (`id`, `user_id`, `recipe_id`) VALUES
(3, 1, 1),
(4, 4, 1);

-- --------------------------------------------------------

--
-- Δομή πίνακα για τον πίνακα `likes`
--

CREATE TABLE `likes` (
  `id` int(11) NOT NULL,
  `user_id` int(11) NOT NULL,
  `recipe_id` int(11) NOT NULL
) ENGINE=InnoDB DEFAULT CHARSET=utf8mb4 COLLATE=utf8mb4_general_ci;

--
-- Άδειασμα δεδομένων του πίνακα `likes`
--

INSERT INTO `likes` (`id`, `user_id`, `recipe_id`) VALUES
(1, 1, 1),
(5, 1, 11),
(6, 1, 12),
(3, 3, 1),
(2, 4, 1);

-- --------------------------------------------------------

--
-- Δομή πίνακα για τον πίνακα `recipes`
--

CREATE TABLE `recipes` (
  `id` int(11) NOT NULL,
  `user_id` int(11) NOT NULL,
  `title` varchar(255) NOT NULL,
  `description` text NOT NULL,
  `image_path` varchar(255) DEFAULT NULL,
  `category` varchar(100) DEFAULT NULL,
  `created_at` datetime DEFAULT current_timestamp()
) ENGINE=InnoDB DEFAULT CHARSET=utf8mb4 COLLATE=utf8mb4_general_ci;

--
-- Άδειασμα δεδομένων του πίνακα `recipes`
--

INSERT INTO `recipes` (`id`, `user_id`, `title`, `description`, `image_path`, `category`, `created_at`) VALUES
(1, 1, 'Σπιτικός Μουσακάς με αγνά υλικά!', 'Υλικά:\r\n\r\n• 2 μελιτζάνες κομμένες σε φέτες\r\n• 500 γρ. κιμά μοσχαρίσιο\r\n• 1 κρεμμύδι ψιλοκομμένο\r\n• 2 ντομάτες τριμμένες ή 1/2 φλ. σάλτσα\r\n• 3 κ.σ. ελαιόλαδο\r\n• Αλάτι, πιπέρι, κανέλα (προαιρετικά)\r\n\r\nΓια τη μπεσαμέλ:\r\n\r\n• 2 κ.σ. βούτυρο\r\n• 2 κ.σ. αλεύρι\r\n• 2 φλ. γάλα\r\n• 1 αυγό\r\n• Αλάτι, μοσχοκάρυδο\r\n\r\nΟδηγίες:\r\n\r\n1. Ψήσε τις μελιτζάνες στο φούρνο ή τη σχάρα με λίγο λάδι.\r\n2. Σοτάρισε το κρεμμύδι με τον κιμά, πρόσθεσε τις ντομάτες, αλάτι και πιπέρι. Άφησέ τον να σιγοβράσει για 20 λεπτά.\r\n3. Για τη μπεσαμέλ: Ζέστανε το βούτυρο, ρίξε το αλεύρι και ανακάτεψε. Πρόσθεσε το γάλα και στο τέλος το αυγό με λίγο μοσχοκάρυδο.\r\n4. Στρώσε σε ταψί μελιτζάνες, κιμά και επανέλαβε. Από πάνω ρίξε τη μπεσαμέλ.\r\n5. Ψήσε στους 180°C για 35–40 λεπτά μέχρι να ροδίσει.\r\n\r\nΣερβίρεται ζεστό ή σε θερμοκρασία δωματίου.', 'media/uploads/6821cedf485a1_Μουσακάς.jpg', 'Μεσογειακή', '2025-05-12 13:35:11'),
(10, 3, 'Σούσι', 'Υλικά (για περίπου 4-6 ρολάκια)\r\n	1.	Ρύζι για sushi\r\n	•	200 γρ. (περίπου 1 φλυτζάνι) ρύζι κοκκώδες (σούσι-ράις)\r\n	•	250 ml νερό\r\n	•	2 κ.σ. ξύδι ρυζιού\r\n	•	1 κ.σ. ζάχαρη\r\n	•	½ κ.γ. αλάτι\r\n	2.	Νόρι (φύλλα γέν)\r\n	•	2 φύλλα nori (κόκκινο φύκι για πλαίσιο)\r\n	3.	Γέμιση της επιλογής σου\r\n	•	Φρέσκο φιλέτο τόνου ή σολωμού (150 γρ.) σε λεπτές λωρίδες\r\n	•	Αγγουράκι (1 μικρό), κομμένο σε λεπτά μπαστουνάκια\r\n	•	Αβοκάντο (½ ωριμασμένο), κομμένο σε λωρίδες\r\n	•	Προαιρετικά: καρότο, πιπεριά, καβούρι (crab stick) κ.ά.\r\n	4.	Για το σερβίρισμα (προαιρετικά)\r\n	•	Σάλτσα σόγιας\r\n	•	Γκάρλικ αρωματισμένο με τζίντζερ (τουρσί τζίντζερ)\r\n	•	Wasabi.                             \r\n\r\n1. Προετοιμασία ρυζιού “sushi”\r\n	1.	Ξέπλυμα ρυζιού:\r\nΒάλε το ρύζι σε μπολ με κρύο νερό και ανακάτεψε απαλά με τα δάχτυλα. Στράγγιξε το νερό και επανάλαβε 2–3 φορές, μέχρι το νερό να «σπάει» διάφανο (να μην βγαίνει θολό).\r\n	2.	Βράσιμο:\r\nΣτράγγισε τελείως το ρύζι. Βάλε το σε μικρό κατσαρολάκι μαζί με 250 ml νερό και άφησέ το να πάρει βράση. Μόλις πάρει βράση, χαμήλωσε στο πολύ χαμηλό, σκεπάζοντας με καπάκι, και άφησέ το για 12–15 λεπτά. Έπειτα άφησέ το εν μέρει κλειστό ακόμα για 10 λεπτά (χωρίς να σηκώσεις το καπάκι).\r\n	3.	Αλλαγή μείγματος ξυδιού:\r\nΣε ένα μικρό μπωλ, ανακάτεψε:\r\n	•	2 κ.σ. ξύδι ρυζιού\r\n	•	1 κ.σ. ζάχαρη\r\n	•	½ κ.γ. αλάτι\r\nΖέστανε ελαφρώς (π.χ. 10 sec στο φούρνο μικροκυμάτων) για να λιώσουν ζάχαρη και αλάτι.\r\n	4.	Ανακάτεμα ρυζιού:\r\nΜε ξύλινο κουτάλι (ή σπάτουλα), μεταφέρε το ζεστό ρύζι σε πλατιά ξύλινη ή γυάλινη λεκάνη. Ρίξε λίγη-λίγη τη σάλτσα ξυδιού πάνω, ανακατεύοντας απαλά (με κοφτές κινήσεις) μέχρι να αρωματιστεί όλο το ρύζι. Άφησέ το να κρυώσει σε θερμοκρασία δωματίου (όχι ψυγείο).\r\n\r\n⸻\r\n\r\n2. Συναρμολόγηση maki-ρολών\r\n	1.	Ετοιμασία επιφάνειας:\r\nΒάλε ένα σουσιστάρι (bamboo mat) σε καθαρή επιφάνεια. Σκέπασε με μεμβράνη (πλαστική ζελατίνα), ώστε να μην κολλάει.\r\n	2.	Απλώνεις το nori:\r\nΒάλε 1 φύλλο nori οριζόντια πάνω στη ζελατίνα.\r\n	3.	Ρύζι πάνω στο nori:\r\nΠάρε μια μικρή χούφτα από το sushi-ρύζι (περίπου 80–100 γρ.). Με βρεγμένα δάχτυλα (για να μην κολλάει το ρύζι), απλώσ’ το ομοιόμορφα πάνω στο φύλλο nori, αφήνοντας 1–2 εκ. κενό στην πάνω (μακρυά) πλευρά.\r\n	4.	Γέμιση:\r\n	•	Τοποθέτησε στο κέντρο, κατά μήκος, λίγες λωρίδες τόνου ή σολωμού (ή άλλης επιλογής).\r\n	•	Από πάνω βάλε λίγα μπαστουνάκια αγγουριού και αβοκάντο.\r\n	5.	Τύλιγμα:\r\n	•	Ξεκίνα από την πλευρά που βρίσκεται κοντά σου, τυλίγοντας με τη βοήθεια της ζελατίνας/σουσισταριού, ώστε το ρύζι να «καβαλήσει» ελαφρά το nori και να πιάσει τη γέμιση.\r\n	•	Πίεσε απαλά με το bamboo mat για να σφίξει το ρολό (όχι σαν φανατικός—μόνο όσο χρειάζεται για να σχηματιστεί σφιχτό ρολό).\r\n	6.	Κόψιμο:\r\n	•	Μόλις έχεις το ρολό έτοιμο, αφαιρείς προσεκτικά το bamboo mat.\r\n	•	Με κοφτερό, υγρό μαχαίρι, κόβεις σε 6–8 φέτες (ανάλογα πόσο χοντρά θέλεις τα κομμάτια). Καλό είναι να βρέχεις ελαφρά το μαχαίρι ανάμεσα στις κοπές για καθαρότερη κοπή.\r\n\r\n⸻\r\n\r\n3. Σερβίρισμα\r\n	•	Στο πιάτο τοποθετείς τα ρολάκια• δίπλα σε μπόλικη σάλτσα σόγιας.\r\n	•	Βάλε λίγα ψιλοκομμένα τουρσί τζίντζερ (πινελιές) και, αν θέλεις, λίγο wasabi στο πλάι.\r\n	•	Απόλαυσέ τα αμέσως—το φρέσκο ρύζι και τα υλικά πρέπει να “κρατάνε” τη γεύση.', 'media/uploads/683db786574d5_sushi-2853382_1280.jpg', 'Κινέζικη', '2025-06-02 17:39:02'),
(11, 3, 'Tacos locos..!!', 'Υλικά\r\n	•	8 μικρές τορτίγιες (αραβικές ή καλαμποκιού)\r\n	•	300 γρ. κιμάς μοσχαρίσιος ή κοτόπουλο, ψιλοκομμένο\r\n	•	1 κρεμμύδι, ψιλοκομμένο\r\n	•	1 σκελίδα σκόρδο, λιωμένη\r\n	•	1 κ.σ. ελαιόλαδο\r\n	•	1 κ.γ. πάπρικα (γλυκιά ή καυτερή, προαιρετικά chili)\r\n	•	1 κ.γ. κύμινο σε σκόνη\r\n	•	Αλάτι, πιπέρι\r\n	•	100 γρ. τριμμένο τυρί (π.χ. τσένταρ ή μοτσαρέλα)\r\n	•	1 ντομάτα, ψιλοκομμένη\r\n	•	Φύλλα μαρουλιού ή λάχανο, ψιλοκομμένα\r\n	•	Σάλτσα ταχυτέρια / σάλτσα ντομάτας (προαιρετικά)\r\n\r\nΕκτέλεση\r\n	1.	Σοτάρισμα κιμά\r\nΖεσταίνουμε 1 κ.σ. ελαιόλαδο σε μέτρια φωτιά.\r\nΠροσθέτουμε το ψιλοκομμένο κρεμμύδι και το λιωμένο σκόρδο, σοτάρουμε 1–2 λεπτά.\r\nΡίχνουμε τον κιμά, ανακατεύουμε μέχρι να πάρει ρόδινο χρώμα (3–4 λεπτά).\r\n	2.	Αρωματισμός\r\nΠροσθέτουμε πάπρικα, κύμινο, αλάτι και πιπέρι (≈½ κ.γ. αλάτι, πιπέρι κατά βούληση).\r\nΣοτάρουμε άλλα 2–3 λεπτά μέχρι να ψηθεί ο κιμάς καλά.\r\n	3.	Ζέσταμα τορτίγιων\r\nΣε ένα αντικολλητικό τηγάνι χωρίς λάδι ή σε φούρνο μικροκυμάτων, ζεσταίνουμε τις τορτίγιες για 10–15 δευτ. ώστε να γίνουν ελαστικές.\r\n	4.	Συναρμολόγηση\r\nΣε κάθε τορτίγια:\r\n	•	Βάζουμε 2–3 κουταλιές από τον κιμά στο κέντρο\r\n	•	Προσθέτουμε λίγα φύλλα μαρουλιού ή λάχανο\r\n	•	Πασπαλίζουμε με λίγη ντομάτα και τυρί\r\n	•	Εάν θέλουμε, ρίχνουμε λίγη σάλτσα ντομάτας ή ταχυτέρια\r\n	5.	Σερβίρισμα\r\nΔιπλώνουμε τη τορτίγια στη μέση και σερβίρουμε αμέσως, ενώ είναι ζεστή.', 'media/uploads/683db81a38a35_chicken-7756518_1280.jpg', 'Μεξικάνικη', '2025-06-02 17:41:30'),
(12, 3, 'Kung Fu Noodles', 'Υλικά\r\n	•	150–200 γρ. instant noodles ή φρέσκα κινέζικα noodles\r\n	•	1 κ.σ. σησαμέλαιο (ή ελαιόλαδο)\r\n	•	1 σκ. σκόρδο, λιωμένη\r\n	•	1 μικρό κρεμμυδάκι φρέσκο, ψιλοκομμένο\r\n	•	1 καρότο, κομμένο σε λεπτές λωρίδες (julienne)\r\n	•	1 μικρή πιπεριά (πράσινη ή κόκκινη), κομμένη σε λωρίδες\r\n	•	2–3 κ.σ. σόγια σος\r\n	•	1 κ.σ. ξύδι ρυζιού ή λευκό ξύδι\r\n	•	1/2 κ.γ. μέλι ή ζάχαρη (προαιρετικά)\r\n	•	1 φλ. νερό ή ζωμό λαχανικών\r\n	•	Φυλλαράκια φρέσκου κόλιανδρου ή φρέσκο κρεμμυδάκι για γαρνίρισμα\r\n\r\n	1.	Βράσιμο noodles\r\nΒράζουμε τα noodles σύμφωνα με τις οδηγίες της συσκευασίας (συνήθως 3–4 λεπτά).\r\nΣουρώνουμε και κρατάμε λίγες κουταλιές από το νερό που έβρασαν.\r\n	2.	Σοτάρισμα λαχανικών\r\nΣε μέτρια φωτιά, ζεσταίνουμε το σησαμέλαιο σε ένα μεγάλο τηγάνι ή γουόκ.\r\nΠροσθέτουμε το λιωμένο σκόρδο και το ψιλοκομμένο κρεμμυδάκι, σοτάρουμε για 1′ μέχρι να αρωματίσουν.\r\nΡίχνουμε το καρότο και την πιπεριά, σοτάρουμε 2–3 λεπτά μέχρι να μαλακώσουν ελαφρώς.\r\n	3.	Προσθήκη σάλτσας\r\nΠροσθέτουμε τα βρασμένα noodles στο τηγάνι.\r\nΑνακατεύουμε ελαφρά με λαβίδες.\r\nΡίχνουμε 2–3 κ.σ. σόγια σος, 1 κ.σ. ξύδι και ½ κ.γ. μέλι (αν θέλουμε γλυκόξινη γεύση).\r\nΑνακατεύουμε καλά για 1′, ρίχνουμε 1/4 φλ. από το νερό που έβρασαν τα noodles (ή ζωμό λαχανικών) ώστε να έρθουν οι γεύσεις.\r\n	4.	Τελικό ανακάτεμα\r\nΣυνεχίζουμε να ανακατεύουμε για 1–2 λεπτά, μέχρι να ισορροπήσουν τα υγρά και να καραμελώσουν ελαφρώς τα λαχανικά και τα noodles.\r\nΔοκιμάζουμε και διορθώνουμε με λίγη ακόμα σόγια σος ή ξύδι, αν χρειάζεται.\r\n	5.	Σερβίρισμα\r\nΠαίρνουμε από τη φωτιά, πασπαλίζουμε με ψιλοκομμένο φρέσκο κόλιανδρο ή φρέσκο κρεμμυδάκι.\r\nΣερβίρουμε αμέσως—για έξτρα γεύση, προσθέτουμε λίγες σταγόνες σησαμέλαιο πάνω.', 'media/uploads/683db8f455a8f_scallion-noodles-7304616_1280.jpg', 'Κινέζικη', '2025-06-02 17:45:08'),
(13, 1, 'Φασολάδα τρομερή..!!', 'Υλικά\r\n	•	500 γρ. φασόλια (λευκά, γίγαντες ή φασόλια “κατσαρά”)\r\n	•	1 μεγάλο κρεμμύδι, τριμμένο ή ψιλοκομμένο\r\n	•	2 καρότα, κομμένα σε ροδέλες\r\n	•	1 μεγάλη πατάτα, κομμένη σε κύβους (προαιρετικά)\r\n	•	1 πράσο (μονάδα), λεπτές ροδέλες (ή 1 κλαδάκι σέλερι)\r\n	•	2 σκελίδες σκόρδο, λιωμένες\r\n	•	2 κουτ. σούπας πελτές ντομάτας\r\n	•	1 ντομάτα ώριμη, τριμμένη (ή 1 μικρή κονσέρβα ντομάτα ψιλοκομμένη)\r\n	•	½ φλιτζάνι ελαιόλαδο\r\n	•	1-2 φύλλα δάφνης\r\n	•	1 κ.γ. ρίγανη (ξηρή)\r\n	•	Αλάτι, πιπέρι\r\n	•	Ζεστό νερό ή ζωμό λαχανικών (όσο χρειαστεί)\r\n\r\n	1.	Μούλιασμα φασολιών\r\n	•	Ξεπλένουμε καλά τα φασόλια και τα βάζουμε σε αρκετό νερό να μουλιάσουν για 8–12 ώρες (π.χ. από το βράδυ).\r\n	•	Σουρώνουμε και πετάμε το νερό μούλιασματος.\r\n	2.	Βράσιμο φασολιών\r\n	•	Βάζουμε τα μουλιασμένα φασόλια σε κατσαρόλα με καθαρό νερό (περίπου διπλάσιο όγκο από τα φασόλια).\r\n	•	Βράζουμε για 5 λεπτά, αποσύρουμε από τη φωτιά, πετάμε το πρώτο νερό (περιέχει τυχόν αέρια).\r\n	•	Ξαναγεμίζουμε την κατσαρόλα με φρέσκο νερό (να καλύπτονται τα φασόλια περίπου 3–4 δάχτυλα) και ξαναβάζουμε στη φωτιά.\r\n	3.	Πρόσθεση λαχανικών\r\n	•	Όταν πάρουν βράση, χαμηλώνουμε τη φωτιά σε μέτρια και αφαιρούμε τυχόν αφρό.\r\n	•	Προσθέτουμε το τριμμένο ή ψιλοκομμένο κρεμμύδι, το πράσο (ή σέλερι) και το λιωμένο σκόρδο.\r\n	•	Ρίχνουμε τα καρότα, την πατάτα (αν χρησιμοποιούμε) και τα φύλλα δάφνης.\r\n	•	Αλατοπιπερώνουμε ελαφρά (θα διορθώσουμε αργότερα).\r\n	4.	Προσθήκη ντομάτας και πελτέ\r\n	•	Σε μικρό τηγανάκι, ζεσταίνουμε 2 κουτ. σούπας ελαιόλαδο και σοτάρουμε γρήγορα τον πελτέ ντομάτας μαζί με λίγη ρίγανη για 1 λεπτό.\r\n	•	Διαλύουμε σταδιακά τον πελτέ σε λίγη από τη σούπα (συγκρατώντας 1 φλυτζάνι ζεστό ζουμί), ώστε να γίνει λείο μείγμα.\r\n	•	Προσθέτουμε τη φρέσκια τριμμένη ντομάτα (ή την κονσέρβα) και ανακατεύουμε.\r\n	5.	Σιγοβράσιμο\r\n	•	Σκεπάζουμε την κατσαρόλα και σιγοβράζουμε σε χαμηλή φωτιά για 1–1½ ώρα, μέχρι να μαλακώσουν τελείως τα φασόλια και τα λαχανικά.\r\n	•	Αν χρειαστεί, προσθέτουμε ζεστό νερό (ή ζωμό λαχανικών) ώστε η σούπα να έχει ρευστή αλλά πηχτή υφή – ανάλογα με τις προτιμήσεις.\r\n	6.	Τελική νοστιμιά\r\n	•	Δοκιμάζουμε και διορθώνουμε με αλάτι, πιπέρι και έξτρα ρίγανη, αν θέλουμε πιο αρωματική γεύση.\r\n	•	Ρίχνουμε το υπόλοιπο ελαιόλαδο (½ φλιτζάνι) μόλις κατεβάσουμε από τη φωτιά και αναδεύουμε.\r\n	7.	Σερβίρισμα\r\n	•	Σερβίρουμε ζεστή, συνοδεύοντας με φέτα ή φρέσκο ψωμί.\r\n	•	Προαιρετικά, πασπαλίζουμε με ψιλοκομμένο μαϊντανό ή επιπλέον ρίγανη πριν από το σερβίρισμα.', 'media/uploads/683db9f07df6f_bean-soup-256564_1280.jpg', 'Μεσογειακή', '2025-06-02 17:49:20'),
(14, 1, 'Guacamole ala Mexico', 'Υλικά (για 2–3 μερίδες)\r\n	•	2 ώριμα αβοκάντο\r\n	•	1 μικρό κρεμμύδι φρέσκο ξερό, πολύ ψιλοκομμένο\r\n	•	1 ντομάτα ώριμη, ξεσποριασμένη και ψιλοκομμένη\r\n	•	1 σκελίδα σκόρδο, λιωμένη\r\n	•	½ φλιτζάνι φρέσκος χυμός λάιμ (≈ 2 λάιμ)\r\n	•	2 κουτ. σούπας ψιλοκομμένο φρέσκο κόλιαντρο (coriander) ή μαϊντανό\r\n	•	1 μικρή πιπεριά τσίλι (προαιρετικά), χωρίς σπόρια, ψιλοκομμένη\r\n	•	Αλάτι, πιπέρι\r\n\r\nΕκτέλεση\r\n	1.	Προετοιμασία αβοκάντο\r\n	•	Κόβουμε κάθε αβοκάντο στη μέση, αφαιρούμε το κουκούτσι και με κουτάλι βγάζουμε τη σάρκα σε ένα μπολ.\r\n	•	Λιώνουμε με ένα πιρούνι σε χοντρή «πυκτή» υφή (όχι τελείως πολτό).\r\n	2.	Πρόσθεση λαχανικών\r\n	•	Προσθέτουμε στο λιωμένο αβοκάντο το ψιλοκομμένο κρεμμύδι, τη ντομάτα και το λιωμένο σκόρδο.\r\n	•	Αν θέλουμε πικάντικο άρωμα, ρίχνουμε λίγη ψιλοκομμένη πιπεριά τσίλι.\r\n	3.	Χυμός λάιμ & αρωματικά\r\n	•	Ρίχνουμε τον χυμό λάιμ (για φρεσκάδα & να μη μαυρίσει το αβοκάντο).\r\n	•	Προσθέτουμε τον ψιλοκομμένο κόλιαντρο (ή μαϊντανό).\r\n	4.	Αλατοπίπερο & τελικό ανακάτεμα\r\n	•	Αλατοπιπερώνουμε (περίπου 1/2 κουτ. γλυκού αλάτι και φρεσκοτριμμένο πιπέρι).\r\n	•	Ανακατεύουμε απαλά μέχρι να ομογενοποιηθούν όλα τα υλικά, διατηρώντας λίγες «κομματάρες» αβοκάντο.\r\n	5.	Σερβίρισμα\r\n	•	Σκεπάζουμε με μεμβράνη (να ακουμπάει πάνω στην επιφάνεια) και το αφήνουμε 10–15΄ στο ψυγείο.\r\n	•	Σερβίρουμε δροσερό με τορτίγιες ή τραγανά τσιπς τορτίγιας (nachos) και φρέσκο λαχανικό.', 'media/uploads/683dbaa053a28_chips-and-guacamole-4814576_1280.jpg', 'Μεξικάνικη', '2025-06-02 17:52:16');

-- --------------------------------------------------------

--
-- Δομή πίνακα για τον πίνακα `users`
--

CREATE TABLE `users` (
  `id` int(11) NOT NULL,
  `firstname` varchar(100) NOT NULL,
  `lastname` varchar(100) NOT NULL,
  `email` varchar(255) NOT NULL,
  `password` varchar(255) NOT NULL,
  `created_at` datetime DEFAULT current_timestamp()
) ENGINE=InnoDB DEFAULT CHARSET=utf8mb4 COLLATE=utf8mb4_general_ci;

--
-- Άδειασμα δεδομένων του πίνακα `users`
--

INSERT INTO `users` (`id`, `firstname`, `lastname`, `email`, `password`, `created_at`) VALUES
(1, 'Ioannis', 'Garmpidis', 'ioannis@gmail.com', '$2y$10$rwMgZHKxrjIgI1hSsqhBL.vEKpveSdxa2hIwVl7nUNDJT6CMoD2ru', '2025-05-01 23:42:57'),
(2, 'Nektarios', 'Kotridis', 'kotridis@gmail.com', '$2y$10$//k/gWAK2DcdJzKdqSbIpuNtG.uWlRsou1b0dDARJKpZnSzw6nexy', '2025-05-03 11:16:05'),
(3, 'Mahi', 'Adamou', 'mahi@gmail.com', '$2y$10$.VDR.4d0oyrxFU0gCe6NJ.A4C.CxP2WiJF1SXRn/7a5MU8LP6fdOW', '2025-05-06 21:41:00'),
(4, 'Michael', 'Jordan', 'thegoat@gmail.com', '$2y$10$nJ6l5xL/b18H2htYf0x8GOBiMIrQ5.SmlTp9GT.WECZUEwVH5swvC', '2025-05-12 12:55:41');

--
-- Ευρετήρια για άχρηστους πίνακες
--

--
-- Ευρετήρια για πίνακα `comments`
--
ALTER TABLE `comments`
  ADD PRIMARY KEY (`id`),
  ADD KEY `user_id` (`user_id`),
  ADD KEY `recipe_id` (`recipe_id`);

--
-- Ευρετήρια για πίνακα `favorites`
--
ALTER TABLE `favorites`
  ADD PRIMARY KEY (`id`),
  ADD UNIQUE KEY `user_id` (`user_id`,`recipe_id`),
  ADD KEY `recipe_id` (`recipe_id`);

--
-- Ευρετήρια για πίνακα `likes`
--
ALTER TABLE `likes`
  ADD PRIMARY KEY (`id`),
  ADD UNIQUE KEY `user_id` (`user_id`,`recipe_id`),
  ADD KEY `recipe_id` (`recipe_id`);

--
-- Ευρετήρια για πίνακα `recipes`
--
ALTER TABLE `recipes`
  ADD PRIMARY KEY (`id`),
  ADD KEY `user_id` (`user_id`);

--
-- Ευρετήρια για πίνακα `users`
--
ALTER TABLE `users`
  ADD PRIMARY KEY (`id`),
  ADD UNIQUE KEY `email` (`email`);

--
-- AUTO_INCREMENT για άχρηστους πίνακες
--

--
-- AUTO_INCREMENT για πίνακα `comments`
--
ALTER TABLE `comments`
  MODIFY `id` int(11) NOT NULL AUTO_INCREMENT, AUTO_INCREMENT=4;

--
-- AUTO_INCREMENT για πίνακα `favorites`
--
ALTER TABLE `favorites`
  MODIFY `id` int(11) NOT NULL AUTO_INCREMENT, AUTO_INCREMENT=5;

--
-- AUTO_INCREMENT για πίνακα `likes`
--
ALTER TABLE `likes`
  MODIFY `id` int(11) NOT NULL AUTO_INCREMENT, AUTO_INCREMENT=7;

--
-- AUTO_INCREMENT για πίνακα `recipes`
--
ALTER TABLE `recipes`
  MODIFY `id` int(11) NOT NULL AUTO_INCREMENT, AUTO_INCREMENT=15;

--
-- AUTO_INCREMENT για πίνακα `users`
--
ALTER TABLE `users`
  MODIFY `id` int(11) NOT NULL AUTO_INCREMENT, AUTO_INCREMENT=5;

--
-- Περιορισμοί για άχρηστους πίνακες
--

--
-- Περιορισμοί για πίνακα `comments`
--
ALTER TABLE `comments`
  ADD CONSTRAINT `comments_ibfk_1` FOREIGN KEY (`user_id`) REFERENCES `users` (`id`) ON DELETE CASCADE,
  ADD CONSTRAINT `comments_ibfk_2` FOREIGN KEY (`recipe_id`) REFERENCES `recipes` (`id`) ON DELETE CASCADE;

--
-- Περιορισμοί για πίνακα `favorites`
--
ALTER TABLE `favorites`
  ADD CONSTRAINT `favorites_ibfk_1` FOREIGN KEY (`user_id`) REFERENCES `users` (`id`) ON DELETE CASCADE,
  ADD CONSTRAINT `favorites_ibfk_2` FOREIGN KEY (`recipe_id`) REFERENCES `recipes` (`id`) ON DELETE CASCADE;

--
-- Περιορισμοί για πίνακα `likes`
--
ALTER TABLE `likes`
  ADD CONSTRAINT `likes_ibfk_1` FOREIGN KEY (`user_id`) REFERENCES `users` (`id`) ON DELETE CASCADE,
  ADD CONSTRAINT `likes_ibfk_2` FOREIGN KEY (`recipe_id`) REFERENCES `recipes` (`id`) ON DELETE CASCADE;

--
-- Περιορισμοί για πίνακα `recipes`
--
ALTER TABLE `recipes`
  ADD CONSTRAINT `recipes_ibfk_1` FOREIGN KEY (`user_id`) REFERENCES `users` (`id`) ON DELETE CASCADE;
COMMIT;

/*!40101 SET CHARACTER_SET_CLIENT=@OLD_CHARACTER_SET_CLIENT */;
/*!40101 SET CHARACTER_SET_RESULTS=@OLD_CHARACTER_SET_RESULTS */;
/*!40101 SET COLLATION_CONNECTION=@OLD_COLLATION_CONNECTION */;
